姓名,平时,实验,期末
段嘉泰,85,83,66
陈宇,93,91,90
刘成名,87,84,84
曹宇航,70,70,33
陈阳洋,84,85,41
许金龙,88,82,49
李嘉辉,93,91,89
杨鸿,88,86,80
苗耀辉,85,84,47
周志勇,82,83,46
朱佳泉,83,81,40
王家宝,88,85,84
张硕,85,86,45
王志恒,83,84,43
王雨正,85,83,78
邓叮齐,87,86,73
马旭,86,87,74
郑凯杰,88,84,74
赵文博,86,84,78
赵诚,81,83,68
程程,85,84,69
荆素恒,89,83,74
梁豫,95,96,94
李春雨,81,80,56
雷欣,88,85,84
于文涛,83,85,60
程鑫,83,80,51
范在旭,87,93,89
董巍,88,84,78
杨志强,92,93,91
程浩强,89,85,81
陈强,93,93,89
王诗瑜,95,92,91
张健,94,93,91
刘天赐,60,60,12
顾鹏杰,83,82,60
张亚鹏,82,81,48
黄雨潇,81,80,54
刘新月,84,83,37
符倩倩,88,89,86
袁蕊,94,94,93
薛萌华,88,82,75
窦朝勋,86,85,79
魏一诺,83,81,68
何绍辉,92,96,95
傅智禹,85,84,81
邱延伟,82,85,52
王一航,60,60,2
李雪健,70,70,23
刘猛威,71,70,31
王发嵘,70,70,24
马成真,70,70,19
董佳林,83,84,69
刘元,84,82,58
李伟豪,81,83,64
申旭龙,70,70,17
岑磊,84,83,62
王敖,82,83,52
李宗洋,70,70,23
杜帅,60,60,8
马举席,81,82,48
李晨龙,80,81,48
王良福,75,70,34
周帅,85,86,81
李家发,81,82,42
张兆玲,84,86,84
辛双双,81,82,69
位金龙,93,92,91
王文龙,81,80,50
刘国栋,60,60,4
汪圣强,81,84,49
张君豪,88,89,84
李佩龙,83,82,42
赵哲楷,83,81,48
王钰涛,81,80,51
朱江浩,84,85,61
曹政,83,80,51
翟世涛,82,81,48
赵宇祺,80,81,65
时翔宇,86,88,83
劳超,82,81,67
邓樵昌,81,80,53
李嘉星,93,95,93
孙旭鹏,75,70,10
苏成燕,81,80,65
周小宁,83,88,81
张雯雯,91,89,85
石慧如,81,80,62
彭彩霞,85,88,82
张坤敏,93,91,89
夏雨凡,83,80,63
许潜,88,85,70
何林坤,78,77,33
钟冰,84,83,44
朱洛平,78,71,20
韦文斐,96,95,94
张赛,84,80,49
潘鑫,84,83,44
宋德方,81,78,49
黄钰轩,83,84,37
岳亚荆,81,80,54
李雨薇,83,84,36
陈梦吟,82,80,64
